,reward,runtime,area,throughput,power,energy,pe_area_ratio,PE,PE_area,L1_area,L2_area,L1_size,L2_size,best_sol
0,-61145.4,1741879.0,246794740.07999998,5.41782,184700000000.0,61145.4,0.016754676370572673,14663.0,4134966.0,242418100.32,241673.75999999998,24030.0,351270.0,"[['K', 14663], ['C', 19], ['X', 1], ['R', 3], ['K', 512], ['S', 3], ['Y', 1], ['C', 341], ['C', 7], ['Y', 1], ['S', 3], ['R', 3], ['K', 166], ['X', 1]]"
