,reward,runtime,area,throughput,power,energy,pe_area_ratio,PE,PE_area,L1_area,L2_area,L1_size,L2_size,best_sol
0,-3113.88,11364961.0,1429360.3839999998,2.22846,1032390000.0,3113.88,0.015783283385024893,80.0,22560.0,1221337.5999999999,185462.78399999999,22190.0,269568.0,"[['C', 80], ['S', 1], ['Y', 14], ['R', 1], ['C', 335], ['K', 4], ['X', 14], ['C', 40], ['C', 151], ['S', 1], ['R', 1], ['K', 1], ['X', 6], ['Y', 12]]"
