,reward,runtime,area,throughput,power,energy,pe_area_ratio,PE,PE_area,L1_area,L2_area,L1_size,L2_size,best_sol
0,-2560.39,6754959.0,32422673.183999997,1.34262,7556530000.0,2560.39,0.005201175086427446,598.0,168636.0,31991507.391999997,262529.79199999996,77758.0,381584.0,"[['C', 598], ['S', 1], ['C', 476], ['R', 1], ['Y', 1], ['K', 192], ['X', 7], ['C', 299], ['S', 1], ['Y', 1], ['K', 107], ['R', 1], ['C', 359], ['X', 1]]"
