,reward,runtime,area,throughput,power,energy,pe_area_ratio,PE,PE_area,L1_area,L2_area,L1_size,L2_size,best_sol
0,-5971.67,12343299.0,60335283.23199999,5.47561,5591920000.0,5971.67,0.0020658558860281047,442.0,124644.0,59404545.40799999,806093.8239999999,195348.0,1171648.0,"[['C', 442], ['Y', 28], ['X', 28], ['R', 1], ['C', 223], ['S', 1], ['K', 192], ['C', 221], ['S', 1], ['Y', 25], ['X', 24], ['C', 41], ['R', 1], ['K', 114]]"
