,reward,runtime,area,throughput,power,energy,pe_area_ratio,PE,PE_area,L1_area,L2_area,L1_size,L2_size,best_sol
0,-2201.92,6029315.0,53079368.063999996,1.86413,22090800000.0,2201.92,0.009308023400057939,1752.0,494064.0,52265103.36,320200.70399999997,43360.0,465408.0,"[['K', 1752], ['K', 338], ['Y', 8], ['S', 1], ['X', 8], ['C', 256], ['R', 1], ['K', 876], ['Y', 6], ['X', 4], ['K', 184], ['C', 83], ['S', 1], ['R', 1]]"
