,reward,runtime,area,throughput,power,energy,pe_area_ratio,PE,PE_area,L1_area,L2_area,L1_size,L2_size,best_sol
0,-77242.6,5225617.0,365400864.15999997,2.28565,105393000000.0,77242.6,0.006456503613978756,8366.0,2359212.0,362926717.63199997,114934.52799999999,63054.0,167056.0,"[['K', 8366], ['Y', 1], ['C', 8], ['K', 576], ['R', 3], ['S', 3], ['X', 1], ['C', 94], ['R', 3], ['S', 3], ['Y', 1], ['K', 437], ['X', 1], ['C', 7]]"
